<?xml version="1.0" encoding="UTF-8"?>
<beans xmlns="http://www.springframework.org/schema/beans"
	xmlns:xsi="http://www.w3.org/2001/XMLSchema-instance"
	xmlns:mvc="http://www.springframework.org/schema/mvc"
	xmlns:context="http://www.springframework.org/schema/context"
	xsi:schemaLocation="http://www.springframework.org/schema/mvc http://www.springframework.org/schema/mvc/spring-mvc-4.3.xsd
		http://www.springframework.org/schema/beans http://www.springframework.org/schema/beans/spring-beans.xsd
		http://www.springframework.org/schema/context http://www.springframework.org/schema/context/spring-context-4.3.xsd">
    <context:component-scan base-package="com.bankapp.web"/>
	
	<mvc:annotation-driven validator="validatorFactoryBean"/>
	
	<bean id="messageSource"
		class="org.springframework.context.support.ReloadableResourceBundleMessageSource">
		<property name="basename" value="classpath:validation" />
	</bean>

	<bean id="validatorFactoryBean"
		class="org.springframework.validation.beanvalidation.LocalValidatorFactoryBean">
		<property name="validationMessageSource" ref="messageSource" />
	</bean>
	<bean class="org.springframework.web.servlet.view.InternalResourceViewResolver">
		<property name="prefix" value="/WEB-INF/views/"/>
		<property name="suffix" value=".jsp"/>
	</bean>

</beans>